,_season,_week,_season_type,_start_date,_neutral_site,_conference_game,_home_team,_home_points,_away_team,_away_points,home_recent_week,home_elo,away_recent_week,away_elo,home_expected,away_expected,mov_multiplier,new_home_elo,new_away_elo,home_elo_change,away_elo_change,predicted_home_win,predicted_away_win,correct_prediction,home_won,away_won,played,home_fbs,away_fbs,fbs_count
0,2020.0,1.0,regular,2020-09-04T00:00:00.000Z,False,False,UAB,45.0,Central Arkansas,35.0,0,1535.3220000000001,0,2010,0.07177270814601826,0.9282272918539817,1.9723382030122565,1570.106784827242,1975.215215172758,34.78478482724199,-34.78478482724199,False,True,False,True,False,True,True,False,1
1,2020.0,1.0,regular,2020-09-04T01:00:00.000Z,False,False,Southern Mississippi,21.0,South Alabama,32.0,0,1524.667846153846,0,1442.066923076923,0.6566008930511099,0.34339910694889,2.3949848500737554,1494.7894115172023,1471.9453577135669,-29.87843463664376,29.87843463664376,True,False,False,False,True,True,True,True,2
2,2020.0,1.0,regular,2020-09-05T17:00:00.000Z,False,False,Marshall,59.0,Eastern Kentucky,0.0,0,1541.081846153846,0,2010,0.07401323624030848,0.9259867637596915,3.374984738257301,1600.4604788686734,1950.6213672851727,59.37863271482729,-59.37863271482729,False,True,False,True,False,True,True,False,1
3,2020.0,1.0,regular,2020-09-05T17:30:00.000Z,False,False,Army,42.0,Middle Tennessee,0.0,0,1538.0078461538462,0,1496.9126153846153,0.6009097191354263,0.3990902808645737,3.8327953935060055,1567.0708425655705,1467.849618972891,29.06299641172427,-29.06299641172427,True,False,True,True,False,True,True,True,2
4,2020.0,1.0,regular,2020-09-05T20:30:00.000Z,False,False,Texas State,24.0,SMU,31.0,0,1439.912,0,1563.9204615384615,0.36791866043806315,0.6320813395619368,2.203656087676484,1424.507442278962,1579.3250192594996,-15.404557721038145,15.404557721038145,False,True,True,False,True,True,True,True,2
5,2020.0,1.0,regular,2020-09-05T23:30:00.000Z,False,False,North Texas,57.0,Houston Baptist,31.0,0,1488.275076923077,0,2010,0.05569303497466069,0.9443069650253394,2.6640609577151584,1536.0732119579045,1962.2018649651725,47.79813503482751,-47.79813503482751,False,True,False,True,False,True,True,False,1
6,2020.0,1.0,regular,2020-09-06T00:00:00.000Z,False,False,Memphis,37.0,Arkansas State,24.0,0,1619.4353846153847,0,1543.7721538461537,0.6475406899507764,0.35245931004922354,2.7330535389903914,1637.7378977443075,1525.469640717231,18.302513128922783,-18.302513128922783,True,False,True,True,False,True,True,True,2
7,2020.0,1.0,regular,2020-09-06T01:00:00.000Z,False,False,UTEP,24.0,Stephen F. Austin,14.0,0,1384.0044615384616,0,2010,0.03134583925245716,0.9686541607475428,1.866729627969727,1418.3605545398098,1975.6439069986518,34.3560930013482,-34.3560930013482,False,True,False,True,False,True,True,False,1
8,2020.0,1.0,regular,2020-09-08T00:00:00.000Z,False,False,Navy,3.0,BYU,55.0,0,1588.9452307692306,0,1542.000923076923,0.608956264280027,0.3910437357199731,3.8873425477934784,1543.9680204474894,1586.9781333986643,-44.97721032174127,44.97721032174127,True,False,False,False,True,True,True,True,2
9,2020.0,2.0,regular,2020-09-11T00:00:00.000Z,False,False,Miami,31.0,UAB,14.0,0,1531.2976923076924,1.0,1570.106784827242,0.4873254126631074,0.5126745873368926,2.840268019554702,1558.9642237698686,1542.440253365066,27.66653146217618,-27.66653146217618,False,True,False,True,False,True,True,True,2
11,2020.0,2.0,regular,2020-09-12T16:00:00.000Z,False,False,West Virginia,56.0,Eastern Kentucky,10.0,0,1509.0926153846153,1.0,1950.6213672851727,0.08557127092845913,0.9144287290715408,3.206599480572681,1564.8045424501845,1894.9094402196035,55.71192706556917,-55.71192706556917,False,True,False,True,False,True,True,False,1
12,2020.0,2.0,regular,2020-09-12T16:00:00.000Z,False,False,Kansas State,31.0,Arkansas State,35.0,0,1558.522,1.0,1525.469640717231,0.5897564279992896,0.41024357200071043,1.5856159362480304,1540.7545833759325,1543.2370573412984,-17.767416624067437,17.767416624067437,True,False,False,False,True,True,True,True,2
14,2020.0,2.0,regular,2020-09-12T16:00:00.000Z,False,False,Appalachian State,35.0,Charlotte,20.0,0,1644.5761538461538,0,1503.5067692307691,0.7280506010910287,0.27194939890897124,2.962554999838144,1659.883789823528,1488.1991332533948,15.307635977374275,-15.307635977374275,True,False,True,True,False,True,True,True,2
15,2020.0,2.0,regular,2020-09-12T16:00:00.000Z,False,False,Iowa State,14.0,Louisiana,31.0,0,1553.5072307692308,0,1597.904,0.4792932337353614,0.5207067662646386,2.949901807812009,1526.6437392125385,1624.7674915566922,-26.863491556692225,26.863491556692225,False,True,True,False,True,True,True,True,2
16,2020.0,2.0,regular,2020-09-12T16:00:00.000Z,False,True,North Carolina,31.0,Syracuse,6.0,0,1554.9572307692308,0,1529.7138461538461,0.5788383405288681,0.4211616594711319,3.295914739580917,1581.3313762719788,1503.3397006510982,26.37414550274798,-26.37414550274798,True,False,True,True,False,True,True,True,2
17,2020.0,2.0,regular,2020-09-12T17:30:00.000Z,False,False,Army,37.0,Louisiana Monroe,7.0,1.0,1567.0708425655705,0,1500.0401538461538,0.6361177921509498,0.36388220784905023,3.541903678553921,1591.5587214458471,1475.5522749658771,24.48787888027664,-24.48787888027664,True,False,True,True,False,True,True,True,2
18,2020.0,2.0,regular,2020-09-12T18:30:00.000Z,False,True,Notre Dame,27.0,Duke,13.0,0,1627.5687692307692,0,1516.0749230769231,0.6930684591593471,0.30693154084065283,2.852618093297572,1644.2043801000784,1499.439312207614,16.635610869309176,-16.635610869309176,True,False,True,True,False,True,True,True,2
19,2020.0,2.0,regular,2020-09-12T19:30:00.000Z,False,False,Texas State,48.0,UT San Antonio,51.0,1.0,1424.507442278962,0,1450.0263076923077,0.5064485134919579,0.49355148650804215,1.4025633729140186,1411.011245708441,1463.5225042628285,-13.496196570520851,13.496196570520851,True,False,False,False,True,True,True,True,2
20,2020.0,2.0,regular,2020-09-12T20:00:00.000Z,False,False,Pittsburgh,55.0,Austin Peay,0.0,0,1536.5846153846153,0,2010,0.07225843525999982,0.9277415647400001,3.312531891070635,1594.9749122622027,1951.6097031224126,58.39029687758739,-58.39029687758739,False,True,False,True,False,True,True,False,1
21,2020.0,2.0,regular,2020-09-12T20:00:00.000Z,False,True,Florida State,13.0,Georgia Tech,16.0,0,1534.9561538461537,0,1473.0121538461538,0.6293133503919334,0.3706866496080666,1.3483302833596937,1518.8342311330898,1489.1340765592176,-16.121922713063896,16.121922713063896,True,False,False,False,True,True,True,True,2
22,2020.0,2.0,regular,2020-09-12T20:14:00.000Z,False,False,Georgia Southern,27.0,Campbell,26.0,0,1528.478,0,2010,0.06919188479640793,0.9308081152035921,0.5686784584396025,1538.535279957084,1999.942720042916,10.057279957083892,-10.057279957083892,False,True,False,True,False,True,True,False,1
23,2020.0,2.0,regular,2020-09-12T23:00:00.000Z,False,False,South Florida,27.0,The Citadel,6.0,0,1490.5816923076923,0,2010,0.056395473370054565,0.9436045266299454,2.5006426477870587,1535.4144290244717,1965.1672632832206,44.832736716779436,-44.832736716779436,False,True,False,True,False,True,True,False,1
24,2020.0,2.0,regular,2020-09-12T23:00:00.000Z,False,False,Oklahoma,48.0,Missouri State,0.0,0,1631.7804615384614,0,2010,0.11872992103855629,0.8812700789614436,3.3208982121640624,1687.3860179019396,1954.3944436365218,55.60555636347817,-55.60555636347817,False,True,False,True,False,True,True,False,1
25,2020.0,2.0,regular,2020-09-12T23:30:00.000Z,False,True,Wake Forest,13.0,Clemson,37.0,0,1542.911076923077,0,1687.8173846153845,0.34041309369366407,0.6595869063063359,3.4458413459281743,1520.623896177123,1710.1045653613385,-22.287180745953947,22.287180745953947,False,True,True,False,True,True,True,True,2
26,2020.0,2.0,regular,2020-09-12T23:30:00.000Z,False,False,South Alabama,24.0,Tulane,27.0,1.0,1471.9453577135669,0,1544.3343076923077,0.43929828597141235,0.5607017140285877,1.4334610616133456,1459.9807349534703,1556.2989304524042,-11.964622760096518,11.964622760096518,False,True,True,False,True,True,True,True,2
27,2020.0,2.0,regular,2020-09-13T00:00:00.000Z,False,False,Louisville,35.0,Western Kentucky,21.0,0,1533.300923076923,0,1551.512923076923,0.5169577891895007,0.48304221081049925,2.685816523589658,1557.9508153532593,1526.8630308005868,24.64989227633623,-24.64989227633623,True,False,True,True,False,True,True,True,2
28,2020.0,2.0,regular,2020-09-13T00:00:00.000Z,False,False,Texas,59.0,UTEP,3.0,0,1573.834,1.0,1418.3605545398098,0.74415374772794,0.25584625227206004,4.350500006705987,1594.9821233222808,1397.212431217529,21.148123322280753,-21.148123322280753,True,False,True,True,False,True,True,True,2
29,2020.0,2.0,regular,2020-09-13T00:00:00.000Z,False,False,Texas Tech,35.0,Houston Baptist,33.0,0,1502.8063076923077,1.0,1962.2018649651725,0.07785893673327064,0.9221410632667293,0.9088332228201331,1518.7296839463538,1946.2784887111263,15.923376254046161,-15.923376254046161,False,True,False,True,False,True,True,False,1
30,2020.0,2.0,regular,2020-09-13T02:00:00.000Z,False,False,Kansas,23.0,Coastal Carolina,38.0,0,1455.157076923077,0,1483.9027692307693,0.5018050860292971,0.498194913970703,2.809295607298303,1428.372419268938,1510.6874268849083,-26.784657654138982,26.784657654138982,True,False,False,False,True,True,True,True,2
31,2020.0,2.0,regular,2020-09-19T16:00:00.000Z,False,False,Oklahoma State,16.0,Tulsa,7.0,0,1559.6641538461538,0,1474.5335384615385,0.6598767665175923,0.34012323348240764,2.395271897847327,1575.143218682496,1459.0544736251964,15.479064836342104,-15.479064836342104,True,False,True,True,False,True,True,True,2
32,2020.0,3.0,regular,2020-09-18T23:30:00.000Z,False,False,Coastal Carolina,43.0,Campbell,21.0,2.0,1510.6874268849083,2.0,1999.942720042916,0.06637923878990133,0.9336207612100986,2.5650548285966805,1556.1884072756898,1954.4417396521349,45.50098039078148,-45.50098039078125,False,True,False,True,False,True,True,False,1
34,2020.0,3.0,regular,2020-09-19T16:00:00.000Z,False,False,Western Kentucky,24.0,Liberty,30.0,2.0,1526.8630308005868,0,1541.4164615384616,0.5222147655470675,0.4777852344529325,1.9588684473613507,1507.426980288036,1560.8525120510124,-19.436050512550764,19.436050512550764,True,False,False,False,True,True,True,True,2
35,2020.0,3.0,regular,2020-09-19T16:00:00.000Z,False,False,Cincinnati,55.0,Austin Peay,20.0,0,1591.332153846154,2.0,1951.6097031224126,0.12996928031057234,0.8700307196894277,3.079252742278674,1642.2339989560908,1900.7078580124758,50.90184510993686,-50.90184510993686,False,True,False,True,False,True,True,False,1
36,2020.0,3.0,regular,2020-09-19T16:00:00.000Z,False,True,Pittsburgh,21.0,Syracuse,10.0,2.0,1594.9749122622027,2.0,1503.3397006510982,0.668229577597463,0.33177042240253696,2.592907384737271,1611.3196618496165,1486.9949510636843,16.344749587413844,-16.344749587413844,True,False,True,True,False,True,True,True,2
37,2020.0,3.0,regular,2020-09-19T16:00:00.000Z,False,True,Duke,6.0,Boston College,26.0,2.0,1499.439312207614,0,1532.8413846153846,0.4951041807160243,0.5048958192839758,3.09145932325111,1470.358017933966,1561.9226788890326,-29.081294273647927,29.081294273647927,False,True,True,False,True,True,True,True,2
38,2020.0,3.0,regular,2020-09-19T16:00:00.000Z,False,True,Tulane,24.0,Navy,27.0,2.0,1556.2989304524042,1.0,1543.9680204474894,0.5606194171995877,0.4393805828004124,1.3785675464150993,1541.6147474980157,1558.6522034018778,-14.684182954388461,14.684182954388461,True,False,False,False,True,True,True,True,2
40,2020.0,3.0,regular,2020-09-19T16:00:00.000Z,False,True,Georgia State,31.0,Louisiana,34.0,0,1490.2203076923076,2.0,1624.7674915566922,0.3539269669841449,0.6460730330158551,1.4765999836151713,1480.2907451729623,1634.6970540760376,-9.929562519345382,9.929562519345382,False,True,True,False,True,True,True,True,2
41,2020.0,3.0,regular,2020-09-19T18:30:00.000Z,False,False,Notre Dame,52.0,South Florida,0.0,2.0,1644.2043801000784,2.0,1535.4144290244717,0.6897475159407556,0.3102524840592444,4.176836379639291,1668.8259834836285,1510.7928256409216,24.62160338355011,-24.62160338355011,True,False,True,True,False,True,True,True,2
42,2020.0,3.0,regular,2020-09-19T19:30:00.000Z,False,False,Middle Tennessee,14.0,Troy,47.0,1.0,1467.849618972891,0,1528.3263076923076,0.45625266808694964,0.5437473319130504,3.6260381521676956,1436.4162169241708,1559.7597097410278,-31.433402048720154,31.433402048720154,False,True,True,False,True,True,True,True,2
43,2020.0,3.0,regular,2020-09-19T19:30:00.000Z,False,False,Georgia Tech,21.0,UCF,49.0,2.0,1489.1340765592176,0,1631.1603076923077,0.34414541150366385,0.6558545884963362,3.599681851168106,1465.5966107121199,1654.6977735394055,-23.537465847097792,23.537465847097792,False,True,True,False,True,True,True,True,2
46,2020.0,3.0,regular,2020-09-19T19:30:00.000Z,False,False,UT San Antonio,24.0,Stephen F. Austin,10.0,2.0,1463.5225042628285,1.0,1975.6439069986518,0.05867283648519016,0.9413271635148098,2.1966975506388047,1502.8109146772408,1936.3554965842395,39.28841041441228,-39.28841041441228,False,True,False,True,False,True,True,False,1
48,2020.0,3.0,regular,2020-09-19T19:30:00.000Z,False,False,Marshall,17.0,Appalachian State,7.0,1.0,1600.4604788686734,2.0,1659.883789823528,0.4577573901559238,0.5422426098440762,2.334830119959678,1624.5153220466736,1635.8289466455278,24.054843178000283,-24.054843178000283,False,True,False,True,False,True,True,True,2
49,2020.0,3.0,regular,2020-09-19T20:00:00.000Z,False,False,Clemson,49.0,The Citadel,0.0,2.0,1710.1045653613385,2.0,1965.1672632832206,0.21491236079050108,0.785087639209499,3.505593001444304,1762.3963222984703,1912.8755063460887,52.29175693713182,-52.29175693713182,False,True,False,True,False,True,True,False,1
50,2020.0,3.0,regular,2020-09-19T22:00:00.000Z,False,False,North Texas,35.0,SMU,65.0,1.0,1536.0732119579045,1.0,1579.3250192594996,0.4809383589758814,0.5190616410241186,3.5028529874019307,1504.0647409755024,1611.3334902419017,-32.00847098240206,32.00847098240206,False,True,True,False,True,True,True,True,2
52,2020.0,3.0,regular,2020-09-19T23:30:00.000Z,False,True,Louisiana Monroe,17.0,Texas State,38.0,2.0,1475.5522749658771,2.0,1411.011245708441,0.632793994273025,0.3672060057269749,3.00294554593174,1439.447602740581,1447.1159179337371,-36.1046722252961,36.1046722252961,True,False,False,False,True,True,True,True,2
53,2020.0,3.0,regular,2020-09-19T23:30:00.000Z,False,True,Southern Mississippi,30.0,Louisiana Tech,31.0,1.0,1494.7894115172023,0,1568.8683076923076,0.4369035360703285,0.5630964639296715,0.7173002772719465,1488.83498199348,1574.82273721603,-5.9544295237224105,5.9544295237224105,False,True,True,False,True,True,True,True,2
54,2020.0,3.0,regular,2020-09-19T23:30:00.000Z,False,True,Louisville,34.0,Miami,47.0,2.0,1557.9508153532593,2.0,1558.9642237698686,0.5416185402061499,0.4583814597938501,2.6402735457213424,1530.7804143852677,1586.1346247378603,-27.170400967991554,27.17040096799178,True,False,False,False,True,True,True,True,2
55,2020.0,3.0,regular,2020-09-20T00:00:00.000Z,False,True,NC State,45.0,Wake Forest,42.0,0,1487.306923076923,2.0,1520.623896177123,0.49522663701367203,0.504773362986328,1.365613404276458,1500.404103218624,1507.5267160354222,13.097180141700846,-13.097180141700846,False,True,False,True,False,True,True,True,2
56,2020.0,3.0,regular,2020-09-20T01:00:00.000Z,False,False,UTEP,17.0,Abilene Christian,13.0,2.0,1397.212431217529,0,2010,0.03373849877254284,0.9662615012274572,1.2588093913141325,1420.322873209527,1986.889558008002,23.11044199199796,-23.11044199199796,False,True,False,True,False,True,True,False,1
57,2020.0,4.0,regular,2020-09-24T23:30:00.000Z,False,False,South Alabama,10.0,UAB,42.0,2.0,1459.9807349534703,2.0,1542.440253365066,0.425073218636247,0.574926781363753,3.6326656808261415,1430.6419059830846,1571.7790823354517,-29.338828970385748,29.338828970385748,False,True,True,False,True,True,True,True,2
58,2020.0,4.0,regular,2020-09-26T00:00:00.000Z,False,False,UT San Antonio,37.0,Middle Tennessee,35.0,3.0,1502.8109146772408,3.0,1436.4162169241708,0.6352699382919531,0.36473006170804684,1.1327995072586856,1510.6610693267617,1428.56606227465,7.850154649520846,-7.850154649520846,True,False,True,True,False,True,True,True,2
59,2020.0,4.0,regular,2020-09-26T16:00:00.000Z,False,False,Appalachian State,52.0,Campbell,21.0,3.0,1635.8289466455278,3.0,1954.4417396521349,0.15957565688453434,0.8404243431154658,3.027308924710682,1684.1692048202215,1906.1014814774412,48.340258174693645,-48.340258174693645,False,True,False,True,False,True,True,False,1
60,2020.0,4.0,regular,2020-09-26T16:00:00.000Z,False,True,Syracuse,37.0,Georgia Tech,20.0,3.0,1486.9949510636843,3.0,1465.5966107121199,0.5734332384221598,0.42656676157784024,2.918761141675479,1510.6508343361356,1441.9407274396685,23.65588327245132,-23.65588327245132,True,False,True,True,False,True,True,True,2
62,2020.0,4.0,regular,2020-09-26T16:00:00.000Z,False,True,Auburn,29.0,Kentucky,13.0,0,1601.9327692307693,0,1583.2523076923076,0.5696019395238979,0.430398060476102,2.8574765168608875,1625.299963894315,1559.885113028762,23.36719466354566,-23.36719466354566,True,False,True,True,False,True,True,True,2
63,2020.0,4.0,regular,2020-09-26T16:00:00.000Z,False,True,East Carolina,28.0,UCF,51.0,0,1460.890153846154,3.0,1654.6977735394055,0.2803043457862046,0.7196956542137953,3.4850687777492406,1442.3294352945823,1673.2584920909771,-18.560718551571654,18.560718551571654,False,True,True,False,True,True,True,True,2
64,2020.0,4.0,regular,2020-09-26T16:00:00.000Z,False,True,Pittsburgh,23.0,Louisville,20.0,3.0,1611.3196618496165,3.0,1530.7804143852677,0.6539200002023776,0.34607999979762233,1.4389733760415355,1620.781660057712,1521.3184161771721,9.461998208095565,-9.461998208095565,True,False,True,True,False,True,True,True,2
65,2020.0,4.0,regular,2020-09-26T16:00:00.000Z,False,True,Louisiana,20.0,Georgia Southern,18.0,3.0,1634.6970540760376,2.0,1538.535279957084,0.6739808444862846,0.3260191555137154,1.1488274171164807,1641.8133092188646,1531.419024814257,7.116255142826958,-7.116255142826958,True,False,True,True,False,True,True,True,2
66,2020.0,4.0,regular,2020-09-26T16:00:00.000Z,False,True,Ole Miss,35.0,Florida,51.0,0,1501.5347692307691,0,1639.8112307692306,0.3490336953555784,0.6509663046444217,3.0232323784666115,1481.4857798202472,1659.8602201797526,-20.048989410521926,20.048989410521926,False,True,True,False,True,True,True,True,2
67,2020.0,4.0,regular,2020-09-26T16:00:00.000Z,False,True,Oklahoma,35.0,Kansas State,38.0,2.0,1687.3860179019396,2.0,1540.7545833759325,0.7343434001801956,0.26565659981980433,1.2996704764077254,1669.2523336035174,1558.8882676743547,-18.133684298422168,18.133684298422168,True,False,False,False,True,True,True,True,2
69,2020.0,4.0,regular,2020-09-26T17:00:00.000Z,False,False,Liberty,36.0,Florida International,34.0,3.0,1560.8525120510124,0,1509.0926153846153,0.615537070065855,0.384462929934145,1.1250823552354619,1569.071008766522,1500.8741186691057,8.218496715509673,-8.218496715509673,True,False,True,True,False,True,True,True,2
70,2020.0,4.0,regular,2020-09-26T17:30:00.000Z,False,True,TCU,34.0,Iowa State,37.0,0,1527.144,2.0,1526.6437392125385,0.5437809949551997,0.4562190050448003,1.385979201553175,1512.8242861650517,1540.9634530474868,-14.319713834948288,14.319713834948288,True,False,False,False,True,True,True,True,2
72,2020.0,4.0,regular,2020-09-26T19:30:00.000Z,False,True,LSU,34.0,Mississippi State,44.0,0,1698.400153846154,0,1537.4546153846154,0.750104720514644,0.24989527948535595,2.2344308728078506,1666.5550680843742,1569.2997011463951,-31.84508576177973,31.84508576177973,True,False,False,False,True,True,True,True,2
73,2020.0,4.0,regular,2020-09-26T19:30:00.000Z,False,True,Oklahoma State,27.0,West Virginia,13.0,2.0,1575.143218682496,2.0,1564.8045424501845,0.5577925705241331,0.44220742947586694,2.720836495469353,1598.0035268235229,1541.9442343091575,22.860308141026962,-22.860308141026962,True,False,True,True,False,True,True,True,2
74,2020.0,4.0,regular,2020-09-26T19:30:00.000Z,False,False,Cincinnati,24.0,Army,10.0,3.0,1642.2339989560908,2.0,1591.5587214458471,0.6140584600704421,0.3859415399295579,2.7718987178091496,1662.5600252900113,1571.2326951119267,20.32602633392048,-20.32602633392048,True,False,True,True,False,True,True,True,2
75,2020.0,4.0,regular,2020-09-26T19:30:00.000Z,False,False,Louisiana Monroe,6.0,UTEP,31.0,3.0,1439.447602740581,3.0,1420.322873209527,0.5702287914336549,0.4297712085663451,3.230017803083094,1404.452468925517,1455.318007024591,-34.99513381506404,34.99513381506404,True,False,False,False,True,True,True,True,2
76,2020.0,4.0,regular,2020-09-26T19:30:00.000Z,False,True,Texas Tech,56.0,Texas,63.0,2.0,1518.7296839463538,2.0,1594.9821233222808,0.4338278362264263,0.5661721637735737,2.154103188399341,1500.973995366951,1612.7378119016837,-17.755688579402886,17.755688579402886,False,True,True,False,True,True,True,True,2
77,2020.0,4.0,regular,2020-09-26T20:00:00.000Z,False,True,Arkansas,10.0,Georgia,37.0,0,1435.5396923076923,0,1648.2524615384614,0.25888358298625164,0.7411164170137483,3.688872855861834,1417.3949084876738,1666.39724535848,-18.144783820018574,18.144783820018574,False,True,True,False,True,True,True,True,2
78,2020.0,4.0,regular,2020-09-26T20:00:00.000Z,False,True,Virginia,38.0,Duke,20.0,0,1571.8396923076923,3.0,1470.358017933966,0.6806736520804122,0.31932634791958775,3.08682829931112,1590.5680988496954,1451.629611391963,18.728406542003086,-18.728406542003086,True,False,True,True,False,True,True,True,2
80,2020.0,4.0,regular,2020-09-26T22:00:00.000Z,False,False,Boston College,24.0,Texas State,21.0,3.0,1561.9226788890326,3.0,1447.1159179337371,0.6971102551949954,0.30288974480500463,1.4626210834354108,1570.3399244964878,1438.698672326282,8.417245607455243,-8.417245607455243,True,False,True,True,False,True,True,True,2
82,2020.0,4.0,regular,2020-09-26T23:00:00.000Z,False,False,SMU,50.0,Stephen F. Austin,7.0,3.0,1611.3334902419017,3.0,1936.3554965842395,0.15468962405767012,0.8453103759423299,3.297086985265449,1664.2876651834583,1883.401321642683,52.95417494155663,-52.95417494155663,False,True,False,True,False,True,True,False,1
83,2020.0,4.0,regular,2020-09-26T23:00:00.000Z,False,True,Missouri,19.0,Alabama,38.0,0,1544.5127692307692,0,1662.806,0.37560228634910303,0.6243977136508969,3.1659651105684485,1521.9190382841803,1685.399730946589,-22.59373094658895,22.59373094658895,False,True,True,False,True,True,True,True,2
84,2020.0,4.0,regular,2020-09-26T23:00:00.000Z,False,False,Southern Mississippi,24.0,Tulane,66.0,3.0,1488.83498199348,3.0,1541.6147474980157,0.46726417730565406,0.5327358226943459,3.8536523275965413,1454.622181988428,1575.8275475030678,-34.212800005051804,34.21280000505203,False,True,True,False,True,True,True,True,2
85,2020.0,4.0,regular,2020-09-26T23:00:00.000Z,False,False,Louisiana Tech,66.0,Houston Baptist,38.0,3.0,1574.82273721603,2.0,1946.2784887111263,0.12286472136099344,0.8771352786390065,2.8808782035868408,1622.8342154267655,1898.2670105003908,48.011478210735504,-48.011478210735504,False,True,False,True,False,True,True,False,1
86,2020.0,4.0,regular,2020-09-26T23:30:00.000Z,False,True,Baylor,47.0,Kansas,14.0,0,1586.7055384615385,2.0,1428.372419268938,0.7472752391575385,0.2527247608424615,3.7998329830807522,1604.9514642174556,1410.126493513021,18.245925755917142,-18.245925755917142,True,False,True,True,False,True,True,True,2
87,2020.0,4.0,regular,2020-09-26T23:30:00.000Z,False,True,Texas A&M,17.0,Vanderbilt,12.0,0,1576.8098461538461,0,1468.0955384615386,0.6896543262366837,0.3103456737633163,1.8849030750800695,1587.9243049353172,1456.9810796800675,11.114458781471058,-11.114458781471058,True,False,True,True,False,True,True,True,2
88,2020.0,4.0,regular,2020-09-26T23:30:00.000Z,False,True,South Carolina,27.0,Tennessee,31.0,0,1510.5783076923078,0,1554.9483076923077,0.47933169180602175,0.5206683081939782,1.642565471511818,1495.6189676514314,1569.9076477331841,-14.959340040876441,14.959340040876441,False,True,True,False,True,True,True,True,2
89,2020.0,4.0,regular,2020-09-26T23:30:00.000Z,False,True,Miami,52.0,Florida State,10.0,3.0,1586.1346247378603,2.0,1518.8342311330898,0.6364770870222782,0.3635229129777218,3.879890177553861,1612.932775346043,1492.0360805249072,26.798150608182596,-26.798150608182596,True,False,True,True,False,True,True,True,2
90,2020.0,4.0,regular,2020-09-27T00:00:00.000Z,False,True,Virginia Tech,45.0,NC State,24.0,0,1563.8758461538462,3.0,1500.404103218624,0.6313625462171271,0.3686374537828729,3.1828707974734343,1586.1690284973552,1478.110920875115,22.293182343508988,-22.293182343508988,True,False,True,True,False,True,True,True,2
91,2020.0,4.0,regular,2020-09-27T02:15:00.000Z,False,False,BYU,48.0,Troy,7.0,1.0,1586.9781333986643,3.0,1559.7597097410278,0.5816074729794068,0.41839252702059315,3.784491386412482,1617.0627887769913,1529.6750543627008,30.084655378326943,-30.084655378326943,True,False,True,True,False,True,True,True,2
92,2020.0,5.0,regular,2020-10-02T23:00:00.000Z,False,False,Wake Forest,66.0,Campbell,14.0,3.0,1507.5267160354222,4.0,1906.1014814774412,0.10700676950032742,0.8929932304996726,3.3613203383543593,1564.557805881557,1849.0703916313064,57.03108984613482,-57.03108984613482,False,True,False,True,False,True,True,False,1
93,2020.0,5.0,regular,2020-10-03T01:00:00.000Z,False,False,BYU,45.0,Louisiana Tech,14.0,4.0,1617.0627887769913,4.0,1622.8342154267655,0.534811308676469,0.46518869132353097,3.4566677644111183,1647.6148410966575,1592.2821631070992,30.552052319666245,-30.552052319666245,True,False,True,True,False,True,True,True,2
96,2020.0,5.0,regular,2020-10-03T16:00:00.000Z,False,True,Coastal Carolina,52.0,Arkansas State,23.0,3.0,1556.1884072756898,2.0,1543.2370573412984,0.5614989862821157,0.43850101371788436,3.4213387248757696,1584.693356759165,1514.7321078578232,28.50494948347523,-28.50494948347523,True,False,True,True,False,True,True,True,2
97,2020.0,5.0,regular,2020-10-03T16:00:00.000Z,False,True,Pittsburgh,29.0,NC State,30.0,4.0,1620.781660057712,4.0,1478.110920875115,0.7298718855547295,0.2701281144452705,0.6509338985315345,1611.7547913717508,1487.1377895610763,-9.02686868596129,9.02686868596129,True,False,False,False,True,True,True,True,2
98,2020.0,5.0,regular,2020-10-03T16:00:00.000Z,False,False,Georgia State,49.0,East Carolina,29.0,3.0,1480.2907451729623,4.0,1442.3294352945823,0.596575572155778,0.40342442784422206,3.097978492981897,1504.0369489920558,1418.5832314754887,23.74620381909358,-23.74620381909358,True,False,True,True,False,True,True,True,2
99,2020.0,5.0,regular,2020-10-03T16:00:00.000Z,False,True,West Virginia,27.0,Baylor,21.0,4.0,1541.9442343091575,4.0,1604.9514642174556,0.4526411706042528,0.5473588293957472,1.8917316177090449,1561.6178983813604,1585.2778001452527,19.673664072202882,-19.673664072202882,False,True,False,True,False,True,True,True,2
100,2020.0,5.0,regular,2020-10-03T16:00:00.000Z,False,True,Florida,38.0,South Carolina,24.0,4.0,1659.8602201797526,4.0,1495.6189676514314,0.7536440125520314,0.24635598744796858,2.9265306853398374,1673.5586189586425,1481.9205688725415,13.698398778889896,-13.698398778889896,True,False,True,True,False,True,True,True,2
101,2020.0,5.0,regular,2020-10-03T16:00:00.000Z,False,True,Tennessee,35.0,Missouri,12.0,4.0,1569.9076477331841,4.0,1521.9190382841803,0.6103868288652078,0.38961317113479216,3.2489225928192402,1593.9582853822199,1497.8684006351446,24.050637649035707,-24.050637649035707,True,False,True,True,False,True,True,True,2
102,2020.0,5.0,regular,2020-10-03T16:00:00.000Z,False,True,Texas,31.0,TCU,33.0,4.0,1612.7378119016837,4.0,1512.8242861650517,0.6787083806147004,0.3212916193852996,1.0508860476811732,1599.1861537166706,1526.3759443500649,-13.551658185013139,13.551658185013139,True,False,False,False,True,True,True,True,2
103,2020.0,5.0,regular,2020-10-03T16:30:00.000Z,False,True,UAB,21.0,UT San Antonio,13.0,4.0,1571.7790823354517,4.0,1510.6610693267617,0.628203488125453,0.371796511874547,2.2600097151406433,1587.7440931843973,1494.696058477816,15.965010848945667,-15.965010848945667,True,False,True,True,False,True,True,True,2
104,2020.0,5.0,regular,2020-10-03T17:00:00.000Z,False,False,Liberty,28.0,North Alabama,7.0,4.0,1569.071008766522,0,2010,0.0858418118286154,0.9141581881713846,2.5749626059472868,1613.795548625297,1965.275460141225,44.72453985877496,-44.72453985877496,False,True,False,True,False,True,True,False,1
105,2020.0,5.0,regular,2020-10-03T17:30:00.000Z,False,False,Army,55.0,Abilene Christian,23.0,4.0,1571.2326951119267,3.0,1986.889558008002,0.09796709355697411,0.9020329064430258,2.940873760753643,1621.6352283239248,1936.4870247960039,50.40253321199816,-50.40253321199816,False,True,False,True,False,True,True,False,1
106,2020.0,5.0,regular,2020-10-03T19:30:00.000Z,False,True,Cincinnati,28.0,South Florida,7.0,4.0,1662.5600252900113,3.0,1510.7928256409216,0.7400707114561562,0.2599292885438438,3.3200783603422646,1678.9567518061692,1494.3960991247636,16.39672651615797,-16.39672651615797,True,False,True,True,False,True,True,True,2
107,2020.0,5.0,regular,2020-10-03T19:30:00.000Z,False,True,Kansas State,31.0,Texas Tech,21.0,4.0,1558.8882676743547,4.0,1500.973995366951,0.6238859675583062,0.37611403244169384,2.462725712588038,1576.4873159469819,1483.3749470943237,17.599048272627215,-17.599048272627215,True,False,True,True,False,True,True,True,2
108,2020.0,5.0,regular,2020-10-03T19:30:00.000Z,False,True,SMU,30.0,Memphis,27.0,4.0,1664.2876651834583,1.0,1637.7378977443075,0.5806705403029212,0.4193294596970788,1.4032286310371611,1675.4675521534598,1626.558010774306,11.179886970001462,-11.179886970001462,True,False,True,True,False,True,True,True,2
109,2020.0,5.0,regular,2020-10-03T19:30:00.000Z,False,True,Alabama,52.0,Texas A&M,24.0,4.0,1685.399730946589,4.0,1587.9243049353172,0.6756402540844055,0.3243597459155945,3.523407487179248,1707.1139105352618,1566.2101253466444,21.714179588672778,-21.714179588672778,True,False,True,True,False,True,True,True,2
110,2020.0,5.0,regular,2020-10-03T19:30:00.000Z,False,True,Boston College,22.0,North Carolina,26.0,4.0,1570.3399244964878,2.0,1581.3313762719788,0.5273282381571459,0.4726717618428541,1.6175192235895612,1554.1336168116327,1597.537683956834,-16.20630768485512,16.20630768485512,True,False,False,False,True,True,True,True,2
111,2020.0,5.0,regular,2020-10-03T19:30:00.000Z,False,True,Kansas,7.0,Oklahoma State,47.0,4.0,1410.126493513021,4.0,1598.0035268235229,0.2872427426237407,0.7127572573762593,4.060317725109597,1387.9668543266198,1620.163166009924,-22.159639186401137,22.159639186401137,False,True,True,False,True,True,True,True,2
112,2020.0,5.0,regular,2020-10-03T20:00:00.000Z,False,True,Florida Atlantic,21.0,Charlotte,17.0,0,1609.0846153846153,2.0,1488.1991332533948,0.7044473611665277,0.2955526388334722,1.7030150946108162,1618.647896883139,1478.635851754871,9.563281498523793,-9.563281498523793,True,False,True,True,False,True,True,True,2
113,2020.0,5.0,regular,2020-10-03T20:00:00.000Z,False,True,Duke,31.0,Virginia Tech,38.0,4.0,1451.629611391963,4.0,1586.1690284973552,0.3539371903435999,0.6460628096564002,2.2148916467262696,1436.7348933911646,1601.0637464981535,-14.89471800079832,14.89471800079832,False,True,True,False,True,True,True,True,2
114,2020.0,5.0,regular,2020-10-03T20:00:00.000Z,False,False,Florida State,41.0,Jacksonville State,24.0,4.0,1492.0360805249072,0,2010,0.0568426547339212,0.9431573452660788,2.339551979262333,1533.9608275684955,1968.0752529564118,41.92474704358824,-41.92474704358824,False,True,False,True,False,True,True,False,1
115,2020.0,5.0,regular,2020-10-03T20:00:00.000Z,False,True,Kentucky,41.0,Ole Miss,42.0,4.0,1559.885113028762,4.0,1481.4857798202472,0.6511269939351162,0.34887300606488375,0.6692961040698837,1551.6049745831472,1489.765918265862,-8.280138445614739,8.280138445614739,True,False,False,False,True,True,True,True,2
116,2020.0,5.0,regular,2020-10-03T21:00:00.000Z,False,True,Middle Tennessee,17.0,Western Kentucky,20.0,4.0,1428.56606227465,3.0,1507.426980288036,0.4301434135174039,0.5698565864825961,1.4378348031791184,1416.8150340386917,1519.1780085239943,-11.751028235958302,11.751028235958302,False,True,True,False,True,True,True,True,2
117,2020.0,5.0,regular,2020-10-03T22:00:00.000Z,False,False,Air Force,40.0,Navy,7.0,0,1607.4918461538462,3.0,1558.6522034018778,0.6115512373857973,0.3884487626142027,3.6064225189052452,1634.109143087568,1532.034906468156,26.617296933721946,-26.617296933721946,True,False,True,True,False,True,True,True,2
118,2020.0,5.0,regular,2020-10-03T23:00:00.000Z,False,True,Louisiana Monroe,30.0,Georgia Southern,35.0,4.0,1404.452468925517,4.0,1531.419024814257,0.3639676665506541,0.636032333449346,1.9014989090017596,1391.3028706292152,1544.5686231105587,-13.149598296301747,13.149598296301747,False,True,True,False,True,True,True,True,2
119,2020.0,5.0,regular,2020-10-03T23:30:00.000Z,False,True,Vanderbilt,7.0,LSU,41.0,4.0,1456.9810796800675,4.0,1666.5550680843742,0.26236528764498096,0.7376347123550191,3.9296942914276536,1437.3917875906498,1686.144360173792,-19.589292089417768,19.589292089417768,False,True,True,False,True,True,True,True,2
120,2020.0,5.0,regular,2020-10-03T23:30:00.000Z,False,True,Mississippi State,14.0,Arkansas,21.0,4.0,1569.2997011463951,4.0,1417.3949084876738,0.7402230458286532,0.2597769541713469,1.945134601526139,1541.942865419916,1444.751744214153,-27.356835726479176,27.356835726479176,True,False,False,False,True,True,True,True,2
121,2020.0,5.0,regular,2020-10-03T23:30:00.000Z,False,True,Iowa State,37.0,Oklahoma,30.0,4.0,1540.9634530474868,4.0,1669.2523336035174,0.36220737649327694,0.637792623506723,1.9648641669426836,1564.7737946129926,1645.4419920380117,23.810341565505723,-23.810341565505723,False,True,False,True,False,True,True,True,2
122,2020.0,5.0,regular,2020-10-03T23:30:00.000Z,False,True,North Texas,31.0,Southern Mississippi,41.0,3.0,1504.0647409755024,4.0,1454.622181988428,0.6123753958517346,0.38762460414826544,2.345189735599169,1476.778147614488,1481.9087753494425,-27.28659336101441,27.28659336101441,True,False,False,False,True,True,True,True,2
123,2020.0,5.0,regular,2020-10-03T23:30:00.000Z,False,True,Georgia,27.0,Auburn,6.0,4.0,1666.39724535848,4.0,1625.299963894315,0.6009125501142346,0.3990874498857654,3.1498841235422805,1690.2817505821827,1601.4154586706122,23.884505223702718,-23.884505223702718,True,False,True,True,False,True,True,True,2
124,2020.0,5.0,regular,2020-10-03T23:30:00.000Z,False,True,UCF,26.0,Tulsa,34.0,4.0,1673.2584920909771,2.0,1459.0544736251964,0.8030949520926145,0.1969050479073855,2.002272398341714,1642.7062098303477,1489.6067558858258,-30.552282260629454,30.552282260629454,True,False,False,False,True,True,True,True,2
125,2020.0,5.0,regular,2020-10-04T00:00:00.000Z,False,True,Clemson,41.0,Virginia,23.0,3.0,1762.3963222984703,4.0,1590.5680988496954,0.7616626522789565,0.23833734772104354,3.193894042437169,1776.859582763024,1576.1048383851416,14.463260464553741,-14.463260464553741,True,False,True,True,False,True,True,True,2
127,2020.0,6.0,regular,2020-10-08T23:30:00.000Z,False,True,Houston,49.0,Tulane,31.0,0,1508.7669230769231,4.0,1575.8275475030678,0.44686684289254447,0.5531331571074556,2.8573412128340716,1538.796236230698,1545.798234349293,30.029313153774865,-30.029313153774865,False,True,False,True,False,True,True,True,2
128,2020.0,6.0,regular,2020-10-09T23:00:00.000Z,False,True,Georgia Tech,46.0,Louisville,27.0,4.0,1441.9407274396685,4.0,1521.3184161771721,0.4294143894119204,0.5705856105880797,2.89140805158498,1473.2868481825537,1489.972295434287,31.346120742885205,-31.346120742885205,False,True,False,True,False,True,True,True,2
130,2020.0,6.0,regular,2020-10-10T16:00:00.000Z,True,True,Oklahoma,53.0,Texas,45.0,5.0,1645.4419920380117,5.0,1599.1861537166706,0.6080121191416027,0.3919878808583973,2.244414242020314,1662.1578725054726,1582.4702732492096,16.71588046746092,-16.71588046746092,True,False,True,True,False,True,True,True,2
131,2020.0,6.0,regular,2020-10-10T16:00:00.000Z,False,True,Texas A&M,41.0,Florida,38.0,5.0,1566.2101253466444,5.0,1673.5586189586425,0.3904898272134456,0.6095101727865544,1.321797553732089,1581.517457398562,1658.2512869067248,15.307332051917683,-15.307332051917683,False,True,False,True,False,True,True,True,2
132,2020.0,6.0,regular,2020-10-10T16:00:00.000Z,False,True,North Carolina,56.0,Virginia Tech,45.0,5.0,1597.537683956834,5.0,1601.0637464981535,0.5380254931170977,0.4619745068829024,2.4809303245675087,1619.3140886595893,1579.287341795398,21.77640470275537,-21.77640470275537,True,False,True,True,False,True,True,True,2
133,2020.0,6.0,regular,2020-10-10T16:00:00.000Z,False,True,Virginia,21.0,NC State,38.0,5.0,1576.1048383851416,5.0,1487.1377895610763,0.6648157118914342,0.33518428810856576,2.778029448103389,1541.0141635064135,1522.2284644398044,-35.09067487872812,35.09067487872812,True,False,False,False,True,True,True,True,2
134,2020.0,6.0,regular,2020-10-10T16:00:00.000Z,False,True,Vanderbilt,7.0,South Carolina,41.0,5.0,1437.3917875906498,5.0,1481.9205688725415,0.47910358194770775,0.5208964180522923,3.62879618496063,1404.3589718335663,1514.953384629625,-33.032815757083426,33.032815757083426,False,True,True,False,True,True,True,True,2
135,2020.0,6.0,regular,2020-10-10T16:00:00.000Z,False,False,Liberty,40.0,Louisiana Monroe,7.0,5.0,1613.795548625297,5.0,1391.3028706292152,0.8105310806890575,0.1894689193109424,3.9231172839825184,1627.9184156756958,1377.1800035788165,14.122867050398781,-14.122867050398781,True,False,True,True,False,True,True,True,2
136,2020.0,6.0,regular,2020-10-10T16:00:00.000Z,False,True,LSU,41.0,Missouri,45.0,5.0,1686.144360173792,5.0,1497.8684006351446,0.7784225700277052,0.2215774299722948,1.4825604190392652,1664.217248833204,1519.7955119757326,-21.927111340588,21.927111340588,True,False,False,False,True,True,True,True,2
137,2020.0,6.0,regular,2020-10-10T16:30:00.000Z,False,True,Syracuse,24.0,Duke,38.0,4.0,1510.6508343361356,5.0,1436.7348933911646,0.6452416951016415,0.3547583048983585,2.620022286289535,1478.5304295331543,1468.855298194146,-32.120404802981284,32.120404802981284,True,False,False,False,True,True,True,True,2
138,2020.0,6.0,regular,2020-10-10T17:30:00.000Z,False,False,Army,14.0,The Citadel,9.0,5.0,1621.6352283239248,3.0,1912.8755063460887,0.18185648659334475,0.8181435134066551,1.5822925099104599,1646.2315330365332,1888.2792016334804,24.596304712608344,-24.596304712608344,False,True,False,True,False,True,True,False,1
139,2020.0,6.0,regular,2020-10-10T19:30:00.000Z,False,True,Iowa State,31.0,Texas Tech,15.0,5.0,1564.7737946129926,5.0,1483.3749470943237,0.6550389786462294,0.34496102135377055,2.9420683310888553,1584.0568736443074,1464.0918680630089,19.283079031314855,-19.283079031314855,True,False,True,True,False,True,True,True,2
140,2020.0,6.0,regular,2020-10-10T19:30:00.000Z,False,False,BYU,27.0,UT San Antonio,20.0,5.0,1647.6148410966575,5.0,1494.696058477816,0.7413438837363135,0.25865611626368645,2.2347776692261223,1658.5975804367195,1483.713319137754,10.982739340061926,-10.982739340061926,True,False,True,True,False,True,True,True,2
141,2020.0,6.0,regular,2020-10-10T19:30:00.000Z,False,True,Georgia,44.0,Tennessee,21.0,5.0,1690.2817505821827,5.0,1593.9582853822199,0.6741853297801652,0.3258146702198347,3.323571048640361,1710.8562464803167,1573.3837894840858,20.574495898134046,-20.574495898134046,True,False,True,True,False,True,True,True,2
142,2020.0,6.0,regular,2020-10-10T19:30:00.000Z,False,True,Troy,37.0,Texas State,17.0,4.0,1529.6750543627008,4.0,1438.698672326282,0.6673882429034487,0.3326117570965513,3.1758531796144123,1549.745250383393,1418.6284763055896,20.070196020692265,-20.070196020692265,True,False,True,True,False,True,True,True,2
143,2020.0,6.0,regular,2020-10-10T19:30:00.000Z,False,False,Arkansas State,50.0,Central Arkansas,27.0,5.0,1514.7321078578232,1.0,1975.215215172758,0.077410642525427,0.922589357474573,2.6279882806028416,1560.7986342236127,1929.1486888069685,46.066526365789514,-46.066526365789514,False,True,False,True,False,True,True,False,1
144,2020.0,6.0,regular,2020-10-10T20:00:00.000Z,False,True,Florida International,28.0,Middle Tennessee,31.0,4.0,1500.8741186691057,5.0,1416.8150340386917,0.6584910110855189,0.3415089889144811,1.3352752627926252,1484.1680502695035,1433.5211024382938,-16.706068399602145,16.706068399602145,True,False,False,False,True,True,True,True,2
145,2020.0,6.0,regular,2020-10-10T20:00:00.000Z,False,True,Auburn,30.0,Arkansas,28.0,5.0,1601.4154586706122,5.0,1444.751744214153,0.745456059423886,0.254543940576114,1.1828434957914515,1607.1360859161803,1439.031116968585,5.720627245568039,-5.720627245568039,True,False,True,True,False,True,True,True,2
146,2020.0,6.0,regular,2020-10-10T20:00:00.000Z,False,True,TCU,14.0,Kansas State,21.0,5.0,1526.3759443500649,5.0,1576.4873159469819,0.4710896923811841,0.528910307618816,2.127910874664115,1507.3296436422231,1595.5336166548236,-19.046300707841738,19.046300707841738,False,True,True,False,True,True,True,True,2
147,2020.0,6.0,regular,2020-10-10T20:00:00.000Z,False,True,Boston College,31.0,Pittsburgh,30.0,5.0,1554.1336168116327,5.0,1611.7547913717508,0.4603334670577631,0.5396665329422369,0.6754560129110238,1561.0595158998435,1604.82889228354,6.9258990882108264,-6.9258990882108264,False,True,False,True,False,True,True,True,2
149,2020.0,6.0,regular,2020-10-10T22:00:00.000Z,False,True,Navy,31.0,Temple,29.0,5.0,1532.034906468156,0,1540.1404615384615,0.5314669964205688,0.46853300357943123,1.0945794821809984,1541.778992104567,1530.3963759020505,9.744085636411,-9.744085636411,True,False,True,True,False,True,True,True,2
150,2020.0,6.0,regular,2020-10-10T23:00:00.000Z,False,True,South Florida,24.0,East Carolina,44.0,5.0,1494.3960991247636,5.0,1418.5832314754887,0.647737259017231,0.35226274098276894,2.9431019826818865,1458.1753197106234,1454.804010889629,-36.220779414140225,36.220779414140225,True,False,False,False,True,True,True,True,2
151,2020.0,6.0,regular,2020-10-10T23:30:00.000Z,False,True,Clemson,42.0,Miami,17.0,5.0,1776.859582763024,4.0,1612.932775346043,0.753307788142533,0.24669221185746698,3.520409978265062,1793.3602795225067,1596.4320785865602,16.500696759482707,-16.500696759482707,True,False,True,True,False,True,True,True,2
152,2020.0,6.0,regular,2020-10-10T23:30:00.000Z,False,True,Kentucky,24.0,Mississippi State,2.0,5.0,1551.6049745831472,5.0,1541.942865419916,0.5568317051879171,0.44316829481208286,3.1493256377941177,1578.1229187646218,1515.4249212384414,26.517944181474604,-26.517944181474604,True,False,True,True,False,True,True,True,2
153,2020.0,6.0,regular,2020-10-10T23:30:00.000Z,False,True,Louisiana Tech,21.0,UTEP,17.0,5.0,1592.2821631070992,4.0,1455.318007024591,0.7233465805093409,0.27665341949065914,1.71628787633252,1601.3036843936366,1446.2964857380537,9.021521286537336,-9.021521286537336,True,False,True,True,False,True,True,True,2
154,2020.0,6.0,regular,2020-10-10T23:30:00.000Z,False,True,Western Kentucky,14.0,Marshall,38.0,5.0,1519.1780085239943,3.0,1624.5153220466736,0.3932487747691454,0.6067512252308546,3.380748060500057,1493.917982904693,1649.775347665975,-25.26002561930136,25.26002561930136,False,True,True,False,True,True,True,True,2
155,2020.0,6.0,regular,2020-10-10T23:30:00.000Z,False,True,Ole Miss,48.0,Alabama,63.0,5.0,1489.765918265862,5.0,1707.1139105352618,0.25379722929962734,0.7462027707003727,3.076533433574862,1474.9304207013715,1721.9494080997522,-14.835497564490424,14.835497564490424,False,True,True,False,True,True,True,True,2
156,2020.0,6.0,regular,2020-10-10T23:30:00.000Z,False,True,Notre Dame,42.0,Florida State,26.0,3.0,1668.8259834836285,5.0,1533.9608275684955,0.7209220986247444,0.2790779013752556,3.0182384335710366,1684.8301327935603,1517.9566782585637,16.00414930993179,-16.00414930993179,True,False,True,True,False,True,True,True,2
157,2020.0,6.0,regular,2020-10-11T00:00:00.000Z,False,True,North Texas,21.0,Charlotte,49.0,5.0,1476.778147614488,5.0,1478.635851754871,0.5404116775409583,0.45958832245904163,3.370141614546029,1442.1741338286072,1513.239865540752,-34.60401378588085,34.60401378588085,True,False,False,False,True,True,True,True,2
158,2020.0,7.0,regular,2020-10-14T23:30:00.000Z,False,True,Louisiana,27.0,Coastal Carolina,30.0,4.0,1641.8133092188646,5.0,1584.693356759165,0.6228124202397417,0.3771875797602583,1.3512120129637697,1625.823828361896,1600.6828376161336,-15.989480856968612,15.989480856968612,True,False,False,False,True,True,True,True,2
159,2020.0,7.0,regular,2020-10-15T23:30:00.000Z,False,True,Arkansas State,59.0,Georgia State,52.0,6.0,1560.7986342236127,5.0,1504.0369489920558,0.6223278159116976,0.3776721840883023,2.1345136283595694,1576.1154162794,1488.7201669362685,15.316782055787371,-15.316782055787371,True,False,True,True,False,True,True,True,2
160,2020.0,7.0,regular,2020-10-16T22:00:00.000Z,False,True,Tulane,34.0,SMU,37.0,6.0,1545.798234349293,5.0,1675.4675521534598,0.3603736625323164,0.6396263374676836,1.4731209949654185,1535.7116281914232,1685.5541583113295,-10.08660615786971,10.08660615786971,False,True,True,False,True,True,True,True,2
161,2020.0,7.0,regular,2020-10-17T01:30:00.000Z,False,False,Houston,26.0,BYU,43.0,6.0,1538.796236230698,6.0,1658.5975804367195,0.3735684886490243,0.6264315113509757,3.0568320240282545,1517.0994499645647,1680.2943667028528,-21.69678626613336,21.69678626613336,False,True,True,False,True,True,True,True,2
163,2020.0,7.0,regular,2020-10-17T16:00:00.000Z,False,True,East Carolina,23.0,Navy,27.0,6.0,1454.804010889629,6.0,1541.778992104567,0.418733575007204,0.5812664249927959,1.6756845640147098,1441.4723685162178,1555.110634477978,-13.331642373411114,13.331642373411114,False,True,True,False,True,True,True,True,2
164,2020.0,7.0,regular,2020-10-17T16:00:00.000Z,False,True,South Alabama,30.0,Texas State,20.0,4.0,1430.6419059830846,6.0,1418.6284763055896,0.560169192301425,0.4398308076985751,2.4110612339722155,1450.7906271721104,1398.4797551165639,20.148721189025764,-20.148721189025764,True,False,True,True,False,True,True,True,2
165,2020.0,7.0,regular,2020-10-17T16:00:00.000Z,False,True,Miami,31.0,Pittsburgh,19.0,6.0,1596.4320785865602,6.0,1604.82889228354,0.5310494797748513,0.46895052022514877,2.555196852040766,1619.1990355543617,1582.0619353157385,22.766956967801434,-22.766956967801434,True,False,True,True,False,True,True,True,2
166,2020.0,7.0,regular,2020-10-17T16:00:00.000Z,False,True,South Carolina,30.0,Auburn,22.0,6.0,1514.953384629625,6.0,1607.1360859161803,0.4114553217537272,0.5885446782462729,2.108860723635388,1538.5354009947305,1583.5540695510747,23.582016365105574,-23.582016365105574,False,True,False,True,False,True,True,True,2
167,2020.0,7.0,regular,2020-10-17T16:00:00.000Z,False,False,Syracuse,21.0,Liberty,38.0,6.0,1478.5304295331543,6.0,1627.9184156756958,0.33464454832012647,0.6653554516798735,3.1009366103389917,1458.8139104377658,1647.6349347710843,-19.71651909538855,19.71651909538855,False,True,True,False,True,True,True,True,2
168,2020.0,7.0,regular,2020-10-17T16:00:00.000Z,False,True,Georgia Tech,7.0,Clemson,73.0,6.0,1473.2868481825537,6.0,1793.3602795225067,0.1584512596000519,0.8415487403999481,4.920577174061361,1458.4730868099573,1808.1740408951032,-14.813761372596446,14.813761372596446,False,True,True,False,True,True,True,True,2
169,2020.0,7.0,regular,2020-10-17T16:00:00.000Z,False,True,West Virginia,38.0,Kansas,17.0,5.0,1561.6178983813604,5.0,1387.9668543266198,0.7635622412505124,0.2364377587494876,3.3559340198717487,1576.6938192265834,1372.8909334813968,15.075920845222981,-15.075920845222981,True,False,True,True,False,True,True,True,2
171,2020.0,7.0,regular,2020-10-17T16:00:00.000Z,False,True,Tennessee,7.0,Kentucky,34.0,6.0,1573.3837894840858,6.0,1578.1229187646218,0.536289392761752,0.463710607238248,3.339398073443031,1539.3569979491517,1612.1497102995559,-34.02679153493409,34.02679153493409,True,False,False,False,True,True,True,True,2
172,2020.0,7.0,regular,2020-10-17T16:00:00.000Z,False,True,Temple,39.0,South Florida,37.0,6.0,1530.3963759020505,6.0,1458.1753197106234,0.6430052241008085,0.35699477589919154,1.1359013783375815,1538.1010822041114,1450.4706134085625,7.704706302060913,-7.704706302060913,True,False,True,True,False,True,True,True,2
173,2020.0,7.0,regular,2020-10-17T17:30:00.000Z,False,True,UAB,37.0,Western Kentucky,14.0,5.0,1587.7440931843973,6.0,1493.917982904693,0.6710196478982059,0.3289803521017942,3.319630188604226,1608.493862241998,1473.1682138470924,20.749769057600588,-20.749769057600588,True,False,True,True,False,True,True,True,2
174,2020.0,7.0,regular,2020-10-17T17:30:00.000Z,False,False,UT San Antonio,16.0,Army,28.0,6.0,1483.713319137754,6.0,1646.2315330365332,0.3180308222122031,0.6819691777877969,2.7695406284898416,1466.9781327564083,1662.966719417879,-16.735186381345784,16.735186381345784,False,True,True,False,True,True,True,True,2
175,2020.0,7.0,regular,2020-10-17T18:30:00.000Z,False,True,Notre Dame,12.0,Louisville,7.0,6.0,1684.8301327935603,6.0,1489.972295434287,0.7848885995705382,0.21511140042946172,1.9658809762946514,1692.8649175814396,1481.9375106464076,8.034784787879289,-8.034784787879289,True,False,True,True,False,True,True,True,2
176,2020.0,7.0,regular,2020-10-17T19:30:00.000Z,False,True,Memphis,50.0,UCF,49.0,5.0,1626.558010774306,5.0,1642.7062098303477,0.5199237887274428,0.4800762112725572,0.6880964900638928,1632.8344471371627,1636.429773467491,6.276436362856657,-6.276436362856657,True,False,True,True,False,True,True,True,2
177,2020.0,7.0,regular,2020-10-17T19:30:00.000Z,False,False,Troy,31.0,Eastern Kentucky,29.0,6.0,1549.745250383393,2.0,1894.9094402196035,0.1401275586301359,0.8598724413698641,0.9496232285216066,1565.2597924173108,1879.3948981856859,15.514542033917678,-15.514542033917678,False,True,False,True,False,True,True,False,1
178,2020.0,7.0,regular,2020-10-17T19:30:00.000Z,False,True,Arkansas,33.0,Ole Miss,21.0,6.0,1439.031116968585,6.0,1474.9304207013715,0.4915110352680258,0.5084889647319741,2.5237668695520847,1463.4139614203293,1450.5475762496271,24.382844451744404,-24.382844451744404,False,True,False,True,False,True,True,True,2
179,2020.0,7.0,regular,2020-10-17T19:30:00.000Z,False,True,NC State,31.0,Duke,20.0,6.0,1522.2284644398044,6.0,1468.855298194146,0.6177324135364194,0.38226758646358067,2.546690716603246,1540.7252934002017,1450.3584692337486,18.49682896039735,-18.49682896039735,True,False,True,True,False,True,True,True,2
180,2020.0,7.0,regular,2020-10-17T20:00:00.000Z,False,True,Wake Forest,40.0,Virginia,23.0,5.0,1564.557805881557,6.0,1541.0141635064135,0.5764512078589086,0.42354879214109137,2.921638122949027,1588.069475544477,1517.5024938434935,23.511669662919985,-23.511669662919985,True,False,True,True,False,True,True,True,2
182,2020.0,7.0,regular,2020-10-17T20:00:00.000Z,False,False,Georgia Southern,41.0,UMass,0.0,5.0,1544.5686231105587,0,1394.5024615384616,0.7381826470063888,0.26181735299361114,4.011287099162939,1564.5228899481638,1374.5481947008566,19.95426683760502,-19.95426683760502,True,False,True,True,False,True,True,True,2
183,2020.0,7.0,regular,2020-10-17T20:00:00.000Z,False,True,Mississippi State,14.0,Texas A&M,28.0,6.0,1515.4249212384414,6.0,1581.517457398562,0.4482447056655281,0.5517552943344719,2.7919253966637356,1491.647071462756,1605.2953071742475,-23.777849775685354,23.777849775685354,False,True,True,False,True,True,True,True,2
184,2020.0,7.0,regular,2020-10-17T21:00:00.000Z,False,True,Middle Tennessee,35.0,North Texas,52.0,6.0,1433.5211024382938,6.0,1442.1741338286072,0.5306821580335881,0.46931784196641196,2.9017850474888296,1404.2625169664254,1471.4327193004756,-29.2585854718684,29.2585854718684,True,False,False,False,True,True,True,True,2
185,2020.0,7.0,regular,2020-10-17T22:00:00.000Z,False,True,Louisiana Tech,17.0,Marshall,35.0,6.0,1601.3036843936366,6.0,1649.775347665975,0.47344215772197534,0.5265578422780247,3.010774082584681,1574.220564210263,1676.8584678493485,-27.083120183373467,27.083120183373467,False,True,True,False,True,True,True,True,2
186,2020.0,7.0,regular,2020-10-17T23:30:00.000Z,False,True,Florida State,31.0,North Carolina,28.0,6.0,1517.9566782585637,6.0,1619.3140886595893,0.3987283973430615,0.6012716026569386,1.3252385660219135,1533.0964162719645,1604.1743506461885,15.139738013400802,-15.139738013400802,False,True,False,True,False,True,True,True,2
190,2020.0,7.0,regular,2020-10-18T00:00:00.000Z,False,True,Alabama,41.0,Georgia,24.0,6.0,1721.9494080997522,6.0,1710.8562464803167,0.5588635856698826,0.4411364143301174,2.905019873790542,1746.2980990627043,1686.5075555173646,24.348690962952105,-24.348690962952105,True,False,True,True,False,True,True,True,2
191,2020.0,7.0,regular,2020-10-18T00:00:00.000Z,False,True,Virginia Tech,40.0,Boston College,14.0,6.0,1579.287341795398,6.0,1561.0595158998435,0.568963051519267,0.43103694848073304,3.323372252735685,1606.5047702506079,1533.8420874446338,27.217428455209756,-27.217428455209756,True,False,True,True,False,True,True,True,2
193,2020.0,8.0,regular,2020-10-22T23:30:00.000Z,False,True,Appalachian State,45.0,Arkansas State,17.0,4.0,1684.1692048202215,7.0,1576.1154162794,0.6888399388522712,0.31116006114772876,3.5412243323421615,1705.1050688362202,1555.1795522634013,20.93586401599873,-20.93586401599873,True,False,True,True,False,True,True,True,2
194,2020.0,8.0,regular,2020-10-23T23:00:00.000Z,False,False,Florida International,10.0,Jacksonville State,19.0,6.0,1484.1680502695035,5.0,1968.0752529564118,0.06831280523493205,0.9316871947650679,2.9518725400621175,1480.336687085259,1971.9066161406563,-3.8313631842445375,3.8313631842445375,False,True,True,False,True,True,True,False,1
195,2020.0,8.0,regular,2020-10-23T23:30:00.000Z,False,True,South Florida,13.0,Tulsa,42.0,7.0,1450.4706134085625,5.0,1489.6067558858258,0.48685506374086657,0.5131449362591335,3.4627976277205192,1418.438882773016,1521.6384865213722,-32.03173063554641,32.03173063554641,False,True,True,False,True,True,True,True,2
196,2020.0,8.0,regular,2020-10-24T00:00:00.000Z,False,False,UAB,20.0,Louisiana,24.0,7.0,1608.493862241998,7.0,1625.823828361896,0.5182255660091101,0.4817744339908899,1.6222165294772728,1592.5210547376219,1641.796635866272,-15.972807504376078,15.972807504376078,True,False,False,False,True,True,True,True,2
197,2020.0,8.0,regular,2020-10-24T00:00:00.000Z,False,True,Wisconsin,45.0,Illinois,7.0,0,1597.5247692307692,0,1477.1123076923077,0.703880129194819,0.29611987080518093,3.875689516512405,1619.3304741300715,1455.3066027930054,21.805704899302327,-21.805704899302327,True,False,True,True,False,True,True,True,2
199,2020.0,8.0,regular,2020-10-24T16:00:00.000Z,False,True,Coastal Carolina,28.0,Georgia Southern,14.0,7.0,1600.6828376161336,7.0,1564.5228899481638,0.5940774386473429,0.4059225613526572,2.753304448729504,1621.9177771023606,1543.2879504619368,21.23493948622695,-21.23493948622695,True,False,True,True,False,True,True,True,2
200,2020.0,8.0,regular,2020-10-24T16:00:00.000Z,False,True,Ohio State,52.0,Nebraska,17.0,0,1667.5976923076923,0,1501.45,0.755675885760617,0.24432411423938302,3.876260648222121,1685.5919073470113,1483.455784960681,17.994215039318988,-17.994215039318988,True,False,True,True,False,True,True,True,2
201,2020.0,8.0,regular,2020-10-24T16:00:00.000Z,False,True,TCU,14.0,Oklahoma,33.0,6.0,1507.3296436422231,6.0,1662.1578725054726,0.3277081662416703,0.6722918337583296,3.2225219880458136,1487.2647549860799,1682.2227611616158,-20.06488865614324,20.06488865614324,False,True,True,False,True,True,True,True,2
202,2020.0,8.0,regular,2020-10-24T16:00:00.000Z,False,True,Ole Miss,28.0,Auburn,35.0,7.0,1450.5475762496271,7.0,1583.5540695510747,0.3559575770558665,0.6440424229441334,2.213249038698029,1435.5789437101398,1598.522702090562,-14.968632539487317,14.968632539487317,False,True,True,False,True,True,True,True,2
203,2020.0,8.0,regular,2020-10-24T16:00:00.000Z,False,True,North Carolina,48.0,NC State,21.0,7.0,1604.1743506461885,7.0,1540.7252934002017,0.6313321518294744,0.36866784817052556,3.4311608376330063,1628.2085656181941,1516.691078428196,24.034214972005657,-24.034214972005657,True,False,True,True,False,True,True,True,2
204,2020.0,8.0,regular,2020-10-24T16:00:00.000Z,False,True,Memphis,41.0,Temple,29.0,7.0,1632.8344471371627,7.0,1538.1010822041114,0.6721715123899381,0.32782848761006195,2.680367651499846,1649.5297637323351,1521.405765608939,16.69531659517247,-16.69531659517247,True,False,True,True,False,True,True,True,2
205,2020.0,8.0,regular,2020-10-24T16:00:00.000Z,False,True,Charlotte,38.0,UTEP,28.0,6.0,1513.239865540752,6.0,1446.2964857380537,0.6360014485868947,0.36399855141310533,2.473150290623068,1530.3441048818122,1429.1922463969934,17.104239341060293,-17.104239341060293,True,False,True,True,False,True,True,True,2
206,2020.0,8.0,regular,2020-10-24T16:00:00.000Z,False,True,Louisville,48.0,Florida State,16.0,7.0,1481.9375106464076,7.0,1533.0964162719645,0.46958747615316504,0.530412523846835,3.41704737768776,1516.3739603967756,1498.6599665215965,34.436449750367956,-34.436449750367956,False,True,False,True,False,True,True,True,2
207,2020.0,8.0,regular,2020-10-24T16:00:00.000Z,False,True,Kansas State,55.0,Kansas,14.0,6.0,1595.5336166548236,7.0,1372.8909334813968,0.8106636530933468,0.1893363469066532,4.158516566656834,1610.493425025174,1357.9311251110464,14.959808370350402,-14.959808370350402,True,False,True,True,False,True,True,True,2
208,2020.0,8.0,regular,2020-10-24T16:00:00.000Z,False,False,Army,49.0,Mercer,3.0,7.0,1662.966719417879,0,2010,0.13883615751084308,0.861163842489157,3.3255649968681396,1717.3799897097367,1955.5867297081422,54.41327029185777,-54.41327029185777,False,True,False,True,False,True,True,False,1
209,2020.0,8.0,regular,2020-10-24T16:00:00.000Z,False,True,Clemson,47.0,Syracuse,21.0,7.0,1808.1740408951032,7.0,1458.8139104377658,0.8987827774891739,0.10121722251082607,3.9180184240823577,1815.7088888051085,1451.2790625277605,7.534847910005283,-7.534847910005283,True,False,True,True,False,True,True,True,2
210,2020.0,8.0,regular,2020-10-24T16:00:00.000Z,False,True,Michigan State,27.0,Rutgers,38.0,0,1535.2773846153846,0,1419.156923076923,0.6987046254623308,0.3012953745376692,2.3603239642822085,1503.9431684581468,1450.4911392341608,-31.334216157237734,31.334216157237734,True,False,False,False,True,True,True,True,2
211,2020.0,8.0,regular,2020-10-24T17:00:00.000Z,False,False,Liberty,56.0,Southern Mississippi,35.0,7.0,1647.6349347710843,5.0,1481.9087753494425,0.7552275964679749,0.24477240353202506,3.342860367046221,1663.1814941386474,1466.3622159818794,15.546559367563077,-15.546559367563077,True,False,True,True,False,True,True,True,2
212,2020.0,8.0,regular,2020-10-24T18:00:00.000Z,False,True,UCF,51.0,Tulane,34.0,7.0,1636.429773467491,7.0,1535.7116281914232,0.6797175609371141,0.3202824390628859,3.0290443625102372,1654.862618080126,1517.2787835787883,18.43284461263488,-18.43284461263488,True,False,True,True,False,True,True,True,2
213,2020.0,8.0,regular,2020-10-24T18:30:00.000Z,False,True,Marshall,20.0,Florida Atlantic,9.0,7.0,1676.8584678493485,5.0,1618.647896883139,0.6242861133683735,0.37571388663162664,2.5524426236428828,1695.0792424814772,1600.4271222510104,18.220774632128723,-18.220774632128723,True,False,True,True,False,True,True,True,2
214,2020.0,8.0,regular,2020-10-24T19:30:00.000Z,False,True,Rice,34.0,Middle Tennessee,40.0,0,1442.1070769230769,7.0,1404.2625169664254,0.5964138132776734,0.40358618672232666,1.9130025402678617,1420.4291952659073,1425.940398623595,-21.677881657169564,21.677881657169564,True,False,False,False,True,True,True,True,2
215,2020.0,8.0,regular,2020-10-24T19:30:00.000Z,False,True,Indiana,36.0,Penn State,35.0,0,1538.3290769230769,0,1627.8855384615385,0.4151210953962605,0.5848789046037396,0.6660345891654539,1545.7305189609235,1620.4840964236919,7.401442037846664,-7.401442037846664,False,True,False,True,False,True,True,True,2
216,2020.0,8.0,regular,2020-10-24T19:30:00.000Z,False,True,Navy,21.0,Houston,37.0,7.0,1555.110634477978,7.0,1517.0994499645647,0.5966446678590797,0.4033553321409204,2.7850930326243497,1523.538127237249,1548.6719572052937,-31.57250724072901,31.57250724072901,True,False,False,False,True,True,True,True,2
217,2020.0,8.0,regular,2020-10-24T19:30:00.000Z,False,True,Purdue,24.0,Iowa,20.0,0,1486.2272307692308,0,1593.7636923076923,0.39023232638507255,0.6097676736149275,1.5344344353260415,1504.0045525721553,1575.9863705047678,17.77732180292446,-17.77732180292446,False,True,False,True,False,True,True,True,2
218,2020.0,8.0,regular,2020-10-24T19:30:00.000Z,False,True,Wake Forest,23.0,Virginia Tech,16.0,7.0,1588.069475544477,7.0,1606.5047702506079,0.51663680495812,0.4833631950418798,2.0621612911642955,1607.0081600818653,1587.5660857132195,18.938684537388326,-18.938684537388326,True,False,True,True,False,True,True,True,2
219,2020.0,8.0,regular,2020-10-24T19:30:00.000Z,False,True,Texas,27.0,Baylor,16.0,6.0,1582.4702732492096,5.0,1585.2778001452527,0.539053405172104,0.4609465948278961,2.481739581322756,1604.205312025156,1563.5427613693064,21.73503877594635,-21.73503877594635,True,False,True,True,False,True,True,True,2
220,2020.0,8.0,regular,2020-10-24T19:30:00.000Z,False,True,Tennessee,17.0,Alabama,48.0,7.0,1539.3569979491517,7.0,1746.2980990627043,0.2653089929478215,0.7346910070521785,3.825586384034807,1520.0727110004714,1765.5823860113846,-19.284286948680347,19.284286948680347,False,True,True,False,True,True,True,True,2
221,2020.0,8.0,regular,2020-10-24T19:30:00.000Z,False,True,Oklahoma State,24.0,Iowa State,21.0,5.0,1620.163166009924,6.0,1584.0568736443074,0.5940029539238838,0.4059970460761162,1.4094257882000687,1631.0353974367058,1573.1846422175256,10.87223142678181,-10.87223142678181,True,False,True,True,False,True,True,True,2
222,2020.0,8.0,regular,2020-10-24T19:41:00.000Z,False,True,Pittsburgh,3.0,Notre Dame,45.0,7.0,1582.0619353157385,7.0,1692.8649175814396,0.38576733614766595,0.6142326638523341,3.9606797177508684,1553.0318188987726,1721.8950339984056,-29.03011641696594,29.03011641696594,False,True,True,False,True,True,True,True,2
223,2020.0,8.0,regular,2020-10-24T20:00:00.000Z,False,True,Boston College,48.0,Georgia Tech,27.0,7.0,1533.8420874446338,7.0,1458.4730868099573,0.6471540316525624,0.35284596834743764,3.2006938613903784,1555.2997740178475,1437.0154002367435,21.457686573213778,-21.457686573213778,True,False,True,True,False,True,True,True,2
224,2020.0,8.0,regular,2020-10-24T20:00:00.000Z,False,False,Western Kentucky,13.0,Chattanooga,10.0,7.0,1473.1682138470924,0,2010,0.051292388109443705,0.9487076118905563,1.1143715919606627,1493.2552572706782,1989.9129565764142,20.087043423585783,-20.087043423585783,False,True,False,True,False,True,True,False,1
225,2020.0,8.0,regular,2020-10-24T20:00:00.000Z,False,True,Troy,34.0,Georgia State,36.0,7.0,1565.2597924173108,7.0,1488.7201669362685,0.6486912450889666,0.3513087549110334,1.0616758030553193,1552.1744962445798,1501.8054631089994,-13.085296172730978,13.085296172730978,True,False,False,False,True,True,True,True,2
226,2020.0,8.0,regular,2020-10-24T20:00:00.000Z,False,True,Missouri,20.0,Kentucky,10.0,6.0,1519.7955119757326,7.0,1612.1497102995559,0.4112162785264473,0.5887837214735527,2.30128904338334,1545.5397809915742,1586.4054412837143,25.74426901584161,-25.74426901584161,False,True,False,True,False,True,True,True,2
227,2020.0,8.0,regular,2020-10-24T21:30:00.000Z,False,True,Texas Tech,34.0,West Virginia,27.0,6.0,1464.0918680630089,7.0,1576.6938192265834,0.38331646552179305,0.6166835344782069,1.9781923081894246,1487.2703219283542,1553.515365361238,23.17845386534532,-23.17845386534532,False,True,False,True,False,True,True,True,2
228,2020.0,8.0,regular,2020-10-24T23:00:00.000Z,False,True,South Alabama,38.0,Louisiana Monroe,14.0,7.0,1450.7906271721104,6.0,1377.1800035788165,0.6448392812299839,0.35516071877001615,3.330305772443619,1473.2637092175455,1354.7069215333813,22.47308204543515,-22.47308204543515,True,False,True,True,False,True,True,True,2
229,2020.0,8.0,regular,2020-10-24T23:00:00.000Z,False,True,Boise State,42.0,Utah State,13.0,0,1614.1395384615385,0,1536.0938461538462,0.6506644161892153,0.3493355838107847,3.5262937625619015,1637.5448763759634,1512.6885082394213,23.40533791442499,-23.40533791442499,True,False,True,True,False,True,True,True,2
230,2020.0,8.0,regular,2020-10-24T23:00:00.000Z,False,True,LSU,52.0,South Carolina,24.0,6.0,1664.217248833204,7.0,1538.5354009947305,0.7101631914336318,0.2898368085663682,3.5713185165210763,1683.8841404960503,1518.868509331884,19.66689166284641,-19.66689166284641,True,False,True,True,False,True,True,True,2
231,2020.0,8.0,regular,2020-10-24T23:00:00.000Z,False,True,Nevada,37.0,Wyoming,34.0,0,1500.5532307692308,0,1553.551846153846,0.46695059003087963,0.5330494099691204,1.353683741142962,1514.2632568397507,1539.8418200833262,13.710026070519916,-13.710026070519916,False,True,False,True,False,True,True,True,2
232,2020.0,8.0,regular,2020-10-24T23:30:00.000Z,False,True,Northwestern,43.0,Maryland,3.0,0,1491.3044615384615,0,1463.9686153846153,0.5817719468567251,0.4182280531432749,3.760295180590522,1521.1850192582874,1434.0880576647894,29.8805577198259,-29.8805577198259,True,False,True,True,False,True,True,True,2
233,2020.0,8.0,regular,2020-10-24T23:30:00.000Z,False,True,Fresno State,19.0,Hawai'i,34.0,0,1517.4,0,1548.0373846153846,0.49908273083285465,0.5009172691671454,2.8117453235664236,1490.7374228446513,1574.6999617707334,-26.6625771553488,26.6625771553488,False,True,True,False,True,True,True,True,2
234,2020.0,8.0,regular,2020-10-24T23:30:00.000Z,False,True,Minnesota,24.0,Michigan,49.0,0,1585.8578461538461,0,1587.5844615384615,0.540599091348848,0.459400908651152,3.2606555826091483,1552.3664046958052,1621.0759029965025,-33.49144145804098,33.49144145804098,True,False,False,False,True,True,True,True,2
235,2020.0,8.0,regular,2020-10-25T00:00:00.000Z,False,True,UT San Antonio,27.0,Louisiana Tech,26.0,7.0,1466.9781327564083,7.0,1574.220564210263,0.3906351507187352,0.6093648492812648,0.6609291578739667,1474.630325693204,1566.5683712734674,7.6521929367957,-7.6521929367957,False,True,False,True,False,True,True,True,2
236,2020.0,8.0,regular,2020-10-25T00:00:00.000Z,False,True,Miami,19.0,Virginia,14.0,7.0,1619.1990355543617,7.0,1517.5024938434935,0.6809424356370641,0.3190575643629359,1.8785990256698888,1630.5872789157133,1506.1142504821419,11.38824336135167,-11.38824336135167,True,False,True,True,False,True,True,True,2
237,2020.0,8.0,regular,2020-10-25T01:00:00.000Z,False,True,SMU,13.0,Cincinnati,42.0,7.0,1685.5541583113295,5.0,1678.9567518061692,0.5524739678028916,0.44752603219710846,3.391028294331154,1649.9585160340105,1714.5523940834883,-35.59564227731903,35.59564227731903,True,False,False,False,True,True,True,True,2
238,2020.0,8.0,regular,2020-10-25T02:15:00.000Z,False,False,BYU,52.0,Texas State,14.0,7.0,1680.2943667028528,7.0,1398.4797551165639,0.8575329905585638,0.14246700944143628,4.201802218997453,1691.668112434547,1387.1060093848696,11.373745731694271,-11.373745731694271,True,False,True,True,False,True,True,True,2
239,2020.0,8.0,regular,2020-10-25T02:30:00.000Z,False,True,San Jos State,17.0,Air Force,6.0,0,1469.8355384615386,5.0,1634.109143087568,0.31584325234149585,0.6841567476585041,2.312251263490426,1499.8924422413172,1604.0522393077895,30.056903779778622,-30.056903779778622,False,True,False,True,False,True,True,True,2
240,2020.0,8.0,regular,2020-10-25T02:30:00.000Z,False,True,San Diego State,34.0,UNLV,6.0,0,1575.1813846153846,0,1465.846923076923,0.6904178769740504,0.30958212302594956,3.5433935699832775,1596.023839393511,1445.0044682987966,20.842454778126466,-20.842454778126466,True,False,True,True,False,True,True,True,2
